{"cameraMode":{"drawMode":0,"name":"Shaded","section":"Shading Mode"},"sceneLighting":false,"audioPlay":false,"sceneViewState":{"m_AlwaysRefresh":false,"showFog":true,"showSkybox":false,"showFlares":true,"showImageEffects":true,"showParticleSystems":true,"showVisualEffectGraphs":true,"m_FxEnabled":true},"in2DMode":false,"pivot":{"x":-0.37417396903038027,"y":0.836063802242279,"z":10.391190528869629},"rotation":{"x":-0.008999224752187729,"y":-0.011703412979841233,"z":-0.00010528181155677885,"w":0.9998887777328491},"size":16.366331100463868,"orthographic":false}